genre,Heiresses,Heirs
courtship,3.8247785,5.138228
gothic,4.660552,3.466353
picaresque,1.8324276340571002,9.808551943587617
realism,2.107535,4.2860000000000005
