genre,Heiresses,Suitors
courtship,3.8247785,5.079347
gothic,4.660552,2.885097
picaresque,1.8324276340571002,5.831355546014173
realism,2.107535,5.4359535
