genre,Moneyed,Unmoneyed
courtship,3.415133,0.99777
gothic,2.885097,1.378456
picaresque,2.1836557080187373,0.346821483113583
realism,2.893218,1.414944
