century,Heiresses,Heirs
1700,2.331473291939845,4.7347470000000005
1800,2.883047,4.0424905
