century,Wards,Guardians
1700,4.6461975,4.4494489999999995
1800,3.6222965,3.742405
