,Wards,Guardians
courtship,4.557648,4.4494489999999995
gothic,4.7347470000000005,2.802108
picaresque,0.4380811414661861,
realism,3.7788174999999997,2.9747595000000002
