genre,Actor,Benefactor
courtship,5.138228,2.930421
gothic,3.466353,2.619568
picaresque,1.85415914844073,4.172187349361095
realism,4.0424905,2.0021
