century,Heiresses,Suitors
1700,2.331473291939845,2.797396
1800,2.883047,5.2027540000000005
