decade,Heiresses,Heirs
1740,0.9579779128503481,5.831355546014173
1750,3.8247785,
1760,2.475966,1.927519
1780,2.348835990469695,5.079347
1790,3.0575759999999996,5.154942500000001
1800,1.4237259999999998,1.7137779999999998
1810,2.883047,5.138228
1840,3.330115,3.413496
1850,0.772237,5.26728
1860,2.6022095,3.798981
1870,5.653874,7.207094
1880,,0.250813
