genre,Heiresses,Heirs
courtship,3.8247785,5.138228
gothic,3.789475,3.466353
picaresque,1.8324276340571002,1.85415914844073
realism,2.107535,4.0424905
