century,Moneyed,Unmoneyed
1700,2.8412465,0.931868
1800,3.744825,1.501422
