genre,Heiresses,Suitors
courtship,3.8247785,5.079347
gothic,3.789475,2.885097
picaresque,1.8324276340571002,1.85415914844073
realism,2.107535,5.4359535
