genre,Actor,Benefactor
courtship,3.8247785,2.6277575
gothic,4.660552,3.6145110000000003
picaresque,1.8324276340571002,0.7567835251413871
realism,2.107535,1.5393240000000001
