century,Heiresses,Suitors
1700,2.331473291939845,2.8412465
1800,3.330115,5.2027540000000005
