century,Heiresses,Heirs
1700,2.331473291939845,5.079347
1800,3.330115,4.2860000000000005
