genre,Benefactors,Actors
courtship,2.401557,3.387565
gothic,2.482096,3.330115
picaresque,0.6785422323943036,1.47787468423451
realism,1.9060875,2.107535
