genre,Actor,Benefactor
courtship,3.8247785,2.6277575
gothic,3.789475,3.4106365
picaresque,1.8324276340571002,0.6785422323943036
realism,2.107535,1.9060875
