century,Actors,Benefactors
1700,2.331473291939845,1.737484
1800,2.883047,2.531409
