century,Actors,Benefactors
1700,5.079347,3.027559
1800,4.2860000000000005,2.545129
