century,Actors,Benefactors
1700,4.7347470000000005,2.8235635
1800,4.0424905,2.2614704999999997
